Date,Meal,Calories,Fat (g),Saturated Fat,Polyunsaturated Fat,Monounsaturated Fat,Trans Fat,Cholesterol,Sodium (mg),Potassium,Carbohydrates (g),Fiber,Sugar,Protein (g),Vitamin A,Vitamin C,Calcium,Iron,Note
2025-01-08,Breakfast,1754.5,27.3,10.7,2.5,3.6,0.0,203.3,1589.0,2413.6,260.6,31.3,60.8,123.8,0.1,160.1,84.5,85.8,
2025-01-08,Lunch,1169.9,33.1,6.1,8.6,10.6,0.0,576.0,2348.7,2475.3,19.8,7.8,1.8,186.5,0.0,2.3,6.1,32.9,
2025-01-09,Breakfast,1117.8,10.9,4.4,2.4,1.8,0.0,140.0,1024.4,1718.0,179.5,25.8,31.7,79.8,0.0,71.4,50.7,74.5,
2025-01-09,Dinner,391.6,6.8,0.1,0.1,0.1,0.0,0.0,423.1,358.3,50.5,3.0,1.5,29.6,0.0,152.2,6.2,14.2,
2025-01-09,Lunch,704.0,21.8,4.0,5.6,7.0,0.0,384.0,1412.0,1408.0,0.0,0.0,0.0,118.4,0.0,0.0,2.8,9.8,
2025-01-09,Snacks,183.6,3.0,1.8,0.4,0.2,0.0,70.0,201.4,235.2,12.4,2.8,2.5,28.2,0.0,0.0,22.5,11.3,
2025-01-10,Breakfast,529.1,7.0,3.7,1.1,0.8,0.0,140.0,222.8,919.8,63.6,9.0,24.7,56.5,0.0,29.6,42.9,26.2,
2025-01-10,Dinner,998.8,24.4,7.6,3.7,10.2,0.8,370.8,1044.4,2568.3,61.9,8.4,4.1,128.5,0.4,355.5,16.4,57.1,
2025-01-10,Lunch,659.8,11.6,2.2,3.0,3.6,0.0,192.0,1095.1,973.3,71.8,5.4,20.9,63.9,0.0,15.3,4.2,16.6,
2025-01-10,Snacks,493.7,9.8,2.2,1.0,0.0,0.0,70.0,312.4,564.7,49.0,3.9,22.4,52.4,0.0,23.6,20.6,8.0,
2025-01-11,Breakfast,2350.3,72.4,26.2,13.0,22.4,0.0,1184.1,3816.9,3531.8,222.2,30.4,37.2,201.1,0.3,196.7,115.9,109.8,
2025-01-11,Dinner,364.4,7.5,3.0,0.5,3.6,0.4,107.2,131.8,974.3,23.4,2.1,6.1,51.3,0.2,32.8,20.9,21.5,
2025-01-12,Breakfast,754.0,7.5,3.8,1.2,0.9,0.0,140.0,610.2,1003.6,113.1,10.5,28.5,60.9,0.0,35.6,44.7,37.2,
2025-01-12,Dinner,1192.2,16.9,3.9,3.4,5.6,0.2,255.3,1551.2,3269.6,129.1,19.5,15.3,128.0,0.4,278.6,45.5,64.3,
2025-01-12,Lunch,352.0,10.9,2.0,2.8,3.5,0.0,192.0,706.0,704.0,0.0,0.0,0.0,59.2,0.0,0.0,1.4,4.9,
2025-01-12,Snacks,200.4,0.9,0.3,0.1,0.1,0.0,8.2,60.8,444.3,33.5,4.8,26.1,17.3,0.0,15.3,19.3,1.9,
2025-01-13,Breakfast,703.7,9.8,4.2,2.1,1.6,0.0,140.0,225.6,1094.9,96.3,14.0,28.8,62.1,0.0,35.6,45.2,36.3,
2025-01-13,Dinner,368.2,6.9,3.7,0.1,0.0,0.0,20.0,267.6,1711.0,59.0,10.3,4.9,18.4,4.3,389.7,27.3,19.4,
2025-01-13,Lunch,851.5,23.2,4.7,2.3,5.9,0.4,251.0,691.5,1421.8,20.5,2.4,11.6,135.7,0.1,152.2,45.7,24.4,
2025-01-13,Snacks,556.3,10.9,2.0,2.7,3.4,0.0,182.4,1092.1,729.0,48.2,0.7,0.1,60.9,0.0,0.0,3.0,16.0,
2025-01-14,Breakfast,1102.0,16.0,5.2,3.6,3.4,0.0,236.0,1000.9,2096.7,136.9,25.8,31.9,105.8,0.0,114.8,51.1,67.6,
2025-01-14,Dinner,595.9,12.7,2.3,3.2,3.8,0.0,211.2,842.3,2057.7,43.5,7.7,3.7,73.0,0.3,292.3,10.7,19.8,
2025-01-14,Lunch,176.0,5.5,1.0,1.4,1.7,0.0,96.0,353.0,352.0,0.0,0.0,0.0,29.6,0.0,0.0,0.7,2.4,
2025-01-14,Snacks,550.2,6.2,2.3,0.2,0.0,0.0,95.0,245.4,1522.6,65.8,8.6,11.6,59.6,827.1,92.7,50.5,20.9,
2025-01-15,Breakfast,529.1,7.0,3.7,1.1,0.8,0.0,140.0,222.8,919.8,63.6,9.0,24.7,56.5,0.0,29.6,42.9,26.2,
2025-01-15,Dinner,686.0,11.4,2.1,3.0,3.6,0.0,192.0,2732.4,1712.0,70.7,5.2,1.8,69.5,0.3,75.2,5.1,21.7,
2025-01-15,Lunch,650.0,12.0,2.2,3.1,3.6,0.0,192.0,1267.5,1458.2,57.6,12.8,3.7,75.6,0.0,114.6,8.3,38.4,
2025-01-15,Snacks,547.6,7.5,2.6,1.0,1.0,0.0,130.5,598.2,1354.4,60.2,8.0,9.4,61.8,0.1,188.6,42.0,24.1,
2025-01-16,Breakfast,703.7,9.8,4.2,2.1,1.6,0.0,140.0,225.6,1094.9,96.3,14.0,28.8,62.1,0.0,35.6,45.2,36.3,
2025-01-16,Dinner,255.6,5.6,1.0,1.4,1.8,0.0,97.0,362.6,784.8,17.7,2.1,0.8,32.0,0.1,33.2,1.9,7.0,
2025-01-16,Snacks,1465.3,27.0,7.7,4.4,8.1,0.4,429.0,2010.0,2279.8,132.3,7.5,10.1,167.3,0.2,103.2,52.4,60.0,
2025-01-17,Breakfast,615.8,7.4,3.7,1.1,0.8,0.0,140.0,334.1,1098.0,82.9,11.2,29.1,59.0,0.0,99.5,45.5,31.1,
2025-01-17,Lunch,1176.4,23.3,4.3,5.9,7.1,0.0,384.0,2334.2,2554.7,89.2,22.4,5.5,146.4,0.0,70.1,11.0,68.0,
2025-01-17,Snacks,628.1,12.5,3.8,2.1,5.0,0.3,186.1,722.2,1563.8,60.7,5.9,2.8,67.6,0.3,194.9,9.7,34.8,
2025-01-18,Breakfast,703.7,9.8,4.2,2.1,1.6,0.0,140.0,225.6,1094.9,96.3,14.0,28.8,62.1,0.0,35.6,45.2,36.3,
2025-01-18,Dinner,529.2,12.5,2.3,3.2,3.8,0.0,211.2,818.9,1690.7,31.1,5.6,2.9,70.8,0.2,198.7,8.0,15.9,
2025-01-18,Lunch,1135.7,20.5,5.4,3.0,3.6,0.0,284.9,991.5,2293.4,99.3,16.4,20.0,141.5,0.1,379.9,61.0,28.2,
2025-01-18,Snacks,39.4,0.2,0.0,0.1,0.0,0.0,0.0,66.2,307.2,9.2,2.7,4.6,0.9,0.0,9.4,3.2,1.6,
2025-01-19,Breakfast,665.2,7.3,3.7,1.1,0.8,0.0,140.0,349.9,1088.5,94.5,11.1,32.5,58.9,0.0,95.1,45.4,31.0,
2025-01-19,Dinner,752.8,22.0,10.3,0.8,4.0,0.3,161.7,784.7,1507.4,79.3,21.1,4.0,73.6,18.4,214.4,39.2,48.9,
2025-01-19,Lunch,1015.1,31.6,11.1,3.2,3.5,0.0,220.5,1612.6,2294.2,76.2,30.5,10.9,120.7,4.2,57.5,37.2,40.0,
2025-01-20,Breakfast,717.3,9.9,4.2,2.1,1.6,0.0,140.0,238.8,1221.3,99.0,15.0,29.5,63.2,0.0,95.1,47.1,37.9,
2025-01-20,Lunch,726.5,14.3,2.9,3.0,3.5,0.0,225.2,1247.6,1927.0,58.6,14.5,4.7,87.7,0.1,42.4,10.0,45.9,
2025-01-20,Snacks,930.0,18.7,6.2,2.4,2.6,0.0,238.2,1309.2,1984.5,90.3,23.2,14.2,113.5,0.2,207.1,61.5,32.1,
2025-01-21,Breakfast,550.2,7.1,3.7,1.1,0.8,0.0,140.0,223.1,948.3,68.9,9.9,28.4,56.7,0.0,35.6,43.1,26.8,
2025-01-21,Dinner,747.7,14.9,6.3,1.7,2.0,0.0,191.6,932.1,1591.3,80.4,4.8,22.5,71.7,4.2,161.3,52.1,24.2,
2025-01-21,Lunch,1050.8,31.5,8.3,4.9,6.0,0.0,291.2,1414.4,1503.2,48.5,5.3,2.8,129.8,0.0,180.4,17.2,26.4,
2025-01-21,Snacks,74.0,2.0,0.4,0.6,0.8,0.0,2.6,2.8,0.0,0.0,1.8,0.2,2.6,0.0,2.0,2.0,4.0,
2025-01-22,Breakfast,964.0,13.5,4.9,2.7,2.6,0.0,237.9,996.3,1680.8,119.0,13.1,30.2,93.8,0.0,185.8,50.1,43.6,
2025-01-22,Dinner,290.4,9.0,1.7,2.2,2.8,0.0,158.4,582.5,580.8,0.0,0.0,0.0,48.8,0.0,0.0,1.2,4.0,
2025-01-22,Lunch,372.1,5.8,1.1,1.4,1.8,0.0,93.1,542.6,570.2,45.4,5.0,16.0,31.6,11.1,0.0,2.3,9.2,
2025-01-22,Snacks,742.0,21.3,9.9,1.4,1.7,0.0,134.7,777.0,495.0,43.2,7.4,9.7,71.9,7.9,12.8,77.4,22.6,
2025-01-23,Breakfast,550.2,7.1,3.7,1.1,0.8,0.0,140.0,223.1,948.3,68.9,9.9,28.4,56.7,0.0,35.6,43.1,26.8,
2025-01-23,Dinner,594.0,11.8,2.2,3.0,3.6,0.0,196.8,1159.4,1035.1,51.2,2.9,3.9,65.6,0.0,8.0,5.7,16.6,
2025-01-23,Lunch,1251.7,25.0,3.4,4.6,5.7,0.0,283.2,2055.8,2078.3,118.7,9.1,4.7,129.3,0.1,253.3,19.7,43.2,
2025-01-24,Breakfast,860.8,12.1,5.6,1.2,1.2,0.0,142.5,644.2,1055.6,119.2,11.2,29.2,72.3,0.0,35.6,52.4,41.2,
2025-01-24,Lunch,1532.0,35.9,11.4,5.3,6.1,0.0,454.6,2247.8,3356.7,121.8,36.5,30.4,189.9,15.4,83.5,74.8,55.8,
2025-01-25,Breakfast,2377.7,59.9,16.5,16.2,17.0,0.0,622.3,3511.9,4473.8,208.5,33.8,63.7,250.7,19.2,171.6,99.2,101.3,
2025-01-26,Breakfast,703.7,9.8,4.2,2.1,1.6,0.0,140.0,225.6,1094.9,96.3,14.0,28.8,62.1,0.0,35.6,45.2,36.3,
2025-01-26,Lunch,1928.0,37.9,9.9,6.2,6.9,0.0,382.3,3236.0,3881.3,200.7,43.9,14.1,202.6,1.8,60.3,27.8,135.9,
2025-01-27,Breakfast,961.8,11.6,4.6,2.3,2.2,0.0,209.1,1002.5,1308.7,130.9,11.2,29.4,83.9,0.0,38.3,46.2,43.0,
2025-01-27,Lunch,1599.8,38.6,10.5,4.5,5.2,0.0,279.5,1808.8,2456.8,126.8,34.3,28.1,181.4,11.2,34.6,53.7,95.6,
2025-01-28,Breakfast,602.2,7.3,3.7,1.2,0.8,0.0,140.0,1215.7,1223.5,80.4,12.3,35.8,58.2,0.0,44.1,45.9,28.2,
2025-01-28,Dinner,264.0,8.2,1.5,2.0,2.6,0.0,144.0,529.5,528.0,0.0,0.0,0.0,44.4,0.0,0.0,1.0,3.7,
2025-01-28,Lunch,1714.2,39.5,12.4,5.2,6.8,0.0,315.4,2662.4,2433.9,157.1,34.4,20.5,178.5,25.2,115.8,85.2,109.8,
2025-01-29,Breakfast,2357.2,43.9,9.4,8.2,7.5,0.0,429.0,2988.8,3759.3,294.9,63.8,51.2,217.9,5.5,140.4,62.8,126.8,
2025-01-29,Lunch,235.0,7.9,1.5,3.7,1.9,0.0,96.8,550.6,378.1,0.0,0.0,0.0,39.0,0.0,0.0,0.4,5.3,
2025-01-30,Breakfast,1004.8,15.2,5.2,3.1,3.3,0.0,275.4,1112.8,1500.6,113.7,10.5,28.5,102.7,0.0,35.6,45.7,40.8,
2025-01-30,Dinner,462.4,20.5,5.2,5.7,6.8,0.3,182.3,275.4,593.7,14.0,0.2,0.0,54.9,10.3,0.0,6.0,19.9,
2025-01-30,Lunch,637.6,20.5,4.5,3.3,2.7,0.0,146.9,1074.0,1073.4,57.0,32.3,2.3,87.8,0.0,3.1,7.6,34.3,
2025-01-30,Snacks,466.3,11.4,4.0,0.5,1.7,0.0,21.8,704.3,704.4,68.1,15.1,10.1,28.2,0.0,16.4,85.1,30.1,
2025-01-31,Breakfast,846.7,7.7,3.9,1.3,1.0,0.0,140.0,770.4,1058.5,133.4,11.2,29.4,62.9,0.0,38.3,45.8,41.8,
2025-01-31,Dinner,1045.6,22.3,4.2,4.7,5.4,0.2,140.4,850.3,938.6,139.2,22.3,6.9,79.8,8.0,2.8,83.6,82.8,
2025-01-31,Lunch,721.9,25.8,6.0,3.9,4.5,0.1,149.6,469.3,804.5,51.2,12.1,10.1,81.9,5.4,9.3,43.8,36.4,
2025-01-31,Snacks,402.8,13.1,1.3,2.5,5.0,0.0,20.0,479.3,72.1,34.8,11.4,14.8,44.8,30.0,0.0,92.4,16.8,
2025-02-01,Breakfast,2187.9,58.3,24.1,7.0,10.2,0.2,457.2,2444.8,2404.6,258.3,51.8,34.8,180.1,36.9,63.0,130.7,123.0,
2025-02-01,Dinner,517.5,10.5,2.8,1.8,4.6,0.0,117.8,875.8,499.6,76.9,2.3,4.2,29.3,5.9,137.2,4.7,21.9,
2025-02-01,Snacks,280.0,5.0,2.1,0.0,0.0,0.0,90.0,165.0,180.0,11.0,1.0,5.0,48.0,0.0,0.0,40.0,8.0,
2025-02-02,Breakfast,1900.7,55.9,20.0,6.5,20.7,0.2,512.7,2570.7,2721.2,197.0,16.4,35.8,152.0,23.0,96.8,84.9,87.6,
2025-02-02,Dinner,776.4,38.7,11.6,3.9,6.3,0.0,189.1,871.3,1154.6,58.3,7.2,1.7,53.1,8.2,66.3,33.5,15.2,
2025-02-02,Snacks,280.0,5.0,2.1,0.0,0.0,0.0,90.0,165.0,180.0,11.0,1.0,5.0,48.0,0.0,0.0,40.0,8.0,
2025-02-03,Breakfast,1931.5,42.3,13.7,7.0,13.0,0.1,548.5,2201.4,2783.5,191.6,30.0,37.8,200.4,4.1,40.9,95.8,109.3,
2025-02-03,Snacks,1012.3,13.9,1.6,1.1,3.0,0.0,70.0,465.2,1483.2,163.0,16.0,53.9,72.2,30.2,184.0,186.7,75.9,
2025-02-04,Breakfast,2961.3,96.7,27.5,18.3,30.2,0.1,804.8,3956.6,4508.0,311.6,103.6,45.6,272.9,13.3,89.1,138.9,158.4,
2025-02-05,Breakfast,2971.8,76.8,22.4,15.1,25.3,0.3,882.0,3442.4,5203.3,285.3,39.7,45.5,289.9,17.0,165.7,115.9,140.6,
2025-02-06,Breakfast,2979.3,92.7,29.2,14.1,18.9,0.5,678.6,2285.8,4795.3,293.6,52.6,38.9,256.7,19.0,143.7,179.4,174.5,
2025-02-07,Breakfast,2788.9,56.5,21.0,8.9,9.0,0.0,730.2,3259.2,6780.5,274.9,62.7,46.8,302.0,0.8,258.2,143.6,134.4,
2025-02-08,Breakfast,2756.7,67.5,23.9,3.5,3.0,0.0,613.7,3400.0,3666.3,278.0,48.9,55.6,258.3,1.2,100.3,99.7,130.5,
2025-02-09,Breakfast,2540.1,71.8,23.7,15.6,17.5,0.4,724.2,2755.6,5258.2,205.8,44.1,35.5,267.8,17.7,120.5,96.1,132.0,
2025-02-09,Dinner,246.4,0.3,0.1,0.1,0.0,0.0,0.0,19.2,1360.0,56.0,6.7,2.6,6.6,0.4,105.1,3.8,14.4,
2025-02-10,Breakfast,1474.1,20.7,6.3,4.7,4.9,0.0,362.7,1420.5,4206.1,176.8,31.1,34.8,148.0,0.6,184.9,52.9,80.3,
2025-02-10,Snacks,1294.8,40.3,17.1,2.7,7.3,0.0,325.0,1767.2,2651.2,117.1,23.9,8.8,131.5,23.3,150.4,110.7,49.2,
2025-02-11,Breakfast,2689.6,69.0,28.2,13.9,9.7,0.2,503.7,3550.6,7058.2,287.8,61.8,53.9,251.2,24.8,1038.1,195.4,135.7,
2025-02-12,Breakfast,1648.2,28.5,8.7,7.0,7.1,0.1,370.2,1022.3,5909.9,210.1,39.5,40.2,155.4,6.3,1102.8,82.0,92.6,
2025-02-12,Dinner,1098.7,40.4,16.0,6.0,7.1,0.3,351.9,2356.8,1091.1,73.7,8.8,4.1,112.5,16.6,0.0,22.2,29.4,
2025-02-13,Breakfast,2667.7,54.7,21.1,7.1,7.0,0.1,512.3,2799.7,6090.1,324.3,51.6,67.3,233.9,17.5,1175.0,125.3,165.0,
2025-02-14,Breakfast,2619.0,93.6,33.2,12.1,17.1,0.0,845.9,3668.9,2222.9,250.8,42.4,47.2,212.0,15.3,136.3,142.3,116.6,
2025-02-15,Breakfast,2599.5,79.3,22.9,12.9,17.4,0.0,1500.7,4039.3,4927.0,232.1,17.2,50.7,268.1,0.8,262.3,82.1,69.4,
2025-02-16,Breakfast,2663.5,129.1,32.7,17.4,34.8,1.0,556.7,4186.5,2855.5,184.9,15.8,19.0,186.2,339.3,148.4,40.4,112.0,
2025-02-17,Breakfast,2684.8,91.1,36.4,1.9,4.0,0.7,490.6,3182.4,1511.9,259.5,8.9,34.4,208.9,22.4,87.7,58.6,96.1,
2025-02-18,Breakfast,2475.5,50.4,16.0,4.2,3.6,0.0,631.7,2622.7,5766.6,259.0,54.7,41.4,254.8,13.5,445.5,118.0,155.6,
2025-02-19,Breakfast,2475.8,40.8,15.6,7.7,5.7,0.0,477.4,3951.0,4892.0,291.6,55.1,49.1,242.5,12.0,566.4,142.7,116.5,
2025-02-20,Breakfast,2499.1,46.7,15.0,8.1,8.8,0.0,593.0,3110.7,6007.9,282.0,60.4,78.8,253.7,12.0,905.5,116.1,93.5,
2025-02-21,Breakfast,2485.7,38.9,13.1,5.3,5.7,0.0,514.8,2367.1,5340.2,286.4,27.3,51.4,246.7,9.6,95.4,123.5,92.6,
2025-02-22,Snacks,2478.2,70.1,23.9,7.1,7.4,0.0,505.8,2585.0,6049.5,238.7,40.7,43.8,238.5,8.2,853.4,96.9,94.3,
2025-02-23,Breakfast,2477.0,56.8,19.7,2.7,2.8,0.0,820.1,3790.5,2744.8,256.1,18.8,53.6,230.0,10.5,57.6,137.0,79.6,
2025-02-24,Breakfast,2476.0,36.0,9.6,1.5,0.9,0.0,552.1,3117.0,4426.6,275.0,35.7,74.0,261.9,16.7,79.5,172.7,74.3,
2025-02-25,Breakfast,2492.0,47.7,14.5,4.3,4.5,0.0,380.1,4763.0,5267.8,277.6,83.7,56.7,253.0,24.2,72.9,120.1,117.8,
2025-02-26,Breakfast,2500.9,39.0,9.6,8.0,11.7,0.0,546.1,4539.9,6661.8,303.4,76.4,44.5,236.1,9.6,44.6,67.0,130.2,
2025-02-27,Breakfast,2490.6,39.9,12.1,6.2,6.3,0.0,448.4,5518.3,6889.1,319.4,104.3,45.6,249.0,12.2,29.3,107.3,175.1,
2025-02-28,Breakfast,4852.2,170.3,40.2,5.8,9.3,0.0,793.1,8744.2,4541.7,555.9,57.8,135.3,295.3,34.3,91.9,189.3,160.8,
2025-03-01,Breakfast,2731.4,48.9,11.9,13.7,11.2,0.0,419.1,6652.3,6494.7,338.2,63.5,60.3,239.6,25.1,98.3,144.8,165.9,
2025-03-02,Breakfast,2455.0,34.2,10.2,9.1,8.1,0.0,611.0,4427.4,5866.1,273.1,27.1,60.8,257.1,31.8,64.0,162.3,152.0,
2025-03-03,Breakfast,2483.8,34.0,9.5,7.3,7.5,0.0,500.4,3655.9,7396.1,327.7,65.7,52.5,237.3,2.7,885.3,104.6,139.7,
2025-03-04,Breakfast,2479.4,48.9,21.5,5.3,2.5,0.0,454.0,4010.9,5312.0,290.9,73.0,78.9,234.7,40.7,795.5,209.0,161.3,
2025-03-05,Breakfast,2520.1,84.7,16.5,0.4,0.2,0.0,434.1,2540.7,1665.0,241.4,23.4,64.6,219.6,3.0,26.1,48.9,47.5,
2025-03-06,Breakfast,2126.3,32.3,12.8,0.6,0.2,0.0,460.8,4449.6,5965.2,250.5,42.5,94.0,208.2,63.7,49.4,226.9,213.2,
2025-03-07,Breakfast,2497.6,46.8,17.4,9.0,7.9,0.0,574.4,4991.9,4148.4,255.8,31.6,39.7,258.1,10.1,25.8,115.7,89.3,
2025-03-08,Breakfast,2481.6,69.9,28.1,5.6,6.8,0.0,591.4,6017.6,2701.8,218.7,30.2,17.8,243.7,32.8,97.0,103.8,39.2,
2025-03-09,Breakfast,2436.8,46.5,18.5,4.4,7.5,0.0,450.0,2822.6,5222.8,271.4,34.5,101.2,236.7,41.1,237.3,266.3,180.1,
2025-03-10,Breakfast,2394.4,36.4,15.3,5.2,5.1,0.0,422.7,4401.0,4479.7,285.0,50.5,35.5,235.0,5.9,230.4,194.1,136.6,
2025-03-11,Breakfast,2340.7,47.5,19.9,7.6,11.8,0.8,447.9,4189.7,4440.1,276.2,45.6,68.4,210.3,21.1,472.3,214.1,123.7,
2025-03-12,Breakfast,3105.8,165.2,55.2,16.6,9.1,0.0,568.4,5824.1,4227.9,208.1,50.1,70.3,231.4,213.7,214.7,298.6,103.1,
2025-03-13,Breakfast,2976.2,121.8,38.1,15.4,27.7,0.0,914.3,3716.0,3499.2,279.0,28.2,61.8,181.9,219.5,87.5,140.4,111.6,
2025-03-14,Breakfast,2448.4,73.2,83.8,10.1,16.4,0.0,956.2,3289.8,4672.8,210.9,38.0,23.0,255.0,193.6,55.0,433.2,102.6,
2025-03-15,Breakfast,3008.8,160.4,43.1,16.4,26.3,0.4,815.1,6366.4,2145.2,227.6,25.1,68.4,173.9,27.2,35.1,67.8,95.5,
2025-03-16,Breakfast,2458.7,44.1,14.0,9.7,8.3,0.0,465.6,3518.5,5911.5,274.5,39.5,34.0,239.2,13.0,219.8,104.4,108.7,
2025-03-17,Breakfast,2472.6,40.3,12.8,7.2,8.1,0.0,518.8,4393.1,5975.7,249.7,48.7,61.0,276.8,8.0,42.5,159.4,94.1,
2025-03-18,Breakfast,2484.3,33.7,13.4,5.4,6.0,0.0,603.5,3744.9,6697.3,277.7,46.8,71.3,276.9,22.9,51.1,219.8,178.6,
2025-03-19,Breakfast,2441.2,44.2,13.4,8.7,10.4,0.0,716.3,4276.8,5306.6,213.3,17.9,67.9,283.1,25.1,47.8,195.5,113.9,
2025-03-20,Breakfast,2471.2,44.2,14.5,8.1,9.2,0.0,644.6,4957.3,6668.8,262.9,41.9,73.1,255.6,9.2,114.1,112.7,68.5,
2025-03-21,Breakfast,2449.4,37.9,12.1,7.8,8.5,0.0,628.6,3509.8,4846.1,256.4,53.6,68.9,272.3,2.4,65.6,120.2,145.0,
2025-03-22,Breakfast,6046.7,331.7,169.5,4.3,15.0,0.0,241.7,7681.7,1744.1,593.0,81.1,144.7,239.9,0.0,51.8,225.1,95.9,
2025-03-23,Breakfast,2495.6,36.7,9.7,5.6,6.0,0.0,423.6,4682.1,4618.9,289.2,46.4,68.7,262.8,0.0,48.1,128.1,99.6,
2025-03-24,Breakfast,2413.3,51.5,15.3,4.0,3.2,0.0,256.6,2439.3,5102.9,238.4,61.2,65.0,272.6,20.1,739.0,135.1,205.6,
2025-03-25,Breakfast,2479.7,43.1,12.5,5.2,4.6,0.0,350.1,2086.0,5775.3,282.1,67.9,98.4,260.1,15.2,896.8,150.7,180.2,
2025-03-26,Breakfast,2451.2,34.8,12.8,6.3,5.7,0.0,440.5,3720.1,6246.6,271.5,73.9,81.5,256.7,27.2,479.6,217.1,223.3,
2025-03-27,Breakfast,2493.7,40.7,11.9,5.7,5.7,0.0,483.5,3261.7,6155.1,284.7,54.6,105.8,263.3,34.1,517.6,264.4,206.7,
2025-03-28,Breakfast,2493.9,51.1,16.7,2.9,2.7,0.0,422.5,4051.4,5114.3,270.6,41.8,79.4,261.8,38.4,439.3,281.8,196.5,
2025-03-29,Breakfast,2482.6,61.7,25.2,1.8,0.9,0.0,214.4,861.2,5507.2,259.6,29.4,70.6,243.8,13.4,157.8,187.0,68.5,
2025-03-30,Breakfast,2757.5,57.7,16.1,4.8,5.4,0.0,551.2,3042.0,5028.1,277.6,28.9,25.9,278.1,1.7,105.5,75.8,142.1,
2025-03-31,Breakfast,2795.2,38.5,11.3,5.3,6.1,0.0,586.3,3422.1,4356.2,354.6,35.5,64.3,253.5,0.1,57.9,157.9,132.6,
2025-04-01,Breakfast,2790.7,65.0,26.3,1.4,0.8,0.0,423.9,2789.5,3887.8,294.4,54.0,28.8,272.5,8.1,427.6,120.4,176.3,
2025-04-02,Breakfast,2796.1,39.1,13.9,2.8,3.1,0.0,579.1,3539.1,4966.1,351.6,26.1,66.0,267.1,25.4,582.1,206.0,229.4,
2025-04-03,Breakfast,2785.3,58.5,23.6,4.5,4.0,0.0,538.2,3864.5,5327.0,305.9,90.8,65.0,270.9,27.4,598.4,173.2,176.8,
2025-04-04,Breakfast,2774.1,43.8,17.2,5.0,8.6,0.5,497.9,4482.1,6241.8,343.6,102.3,66.1,259.6,20.6,102.9,155.2,222.0,
2025-04-05,Breakfast,2425.1,41.1,11.5,6.9,6.7,0.0,640.3,4543.0,6536.8,265.1,43.2,92.2,258.6,26.9,244.7,150.5,203.5,
2025-04-06,Breakfast,2799.2,82.7,16.4,4.3,5.1,0.0,562.1,4345.4,1622.4,284.0,22.5,68.7,238.2,0.0,33.3,47.2,52.8,
2025-04-07,Breakfast,2725.4,39.6,15.0,6.0,6.7,0.0,574.0,5941.0,4746.3,308.0,64.0,64.5,262.5,23.8,93.5,157.5,203.3,
2025-04-08,Breakfast,2795.0,42.9,13.8,7.8,8.5,0.0,603.8,5396.9,8107.5,338.4,61.9,46.5,270.6,10.8,239.9,147.0,102.1,
2025-04-09,Breakfast,2794.9,58.3,18.5,8.6,16.2,0.0,640.5,4348.6,7071.3,317.8,97.1,77.1,265.6,29.8,1069.3,227.1,206.6,
2025-04-10,Breakfast,2777.5,67.0,23.4,11.5,18.1,0.0,742.8,4916.7,6134.5,295.2,88.8,71.8,273.6,7.2,1275.7,149.9,193.9,
2025-04-11,Breakfast,2798.8,72.0,19.8,8.0,13.3,0.0,1007.7,3136.0,6717.6,319.5,76.3,78.7,249.3,21.0,704.1,186.4,268.6,
2025-04-12,Breakfast,1335.7,60.1,24.3,2.4,14.4,4.3,320.0,569.1,1678.2,98.6,15.5,31.6,120.1,1.8,262.2,186.5,49.2,
2025-04-13,Breakfast,2791.9,97.3,10.6,4.2,2.5,0.0,229.2,1727.5,3125.0,246.8,25.5,68.0,230.3,29.1,141.3,156.2,147.2,
2025-04-14,Breakfast,2778.7,61.3,19.8,10.8,19.9,0.0,702.0,4926.7,3979.6,324.4,37.6,38.6,238.0,6.7,277.3,116.4,179.9,
2025-04-15,Breakfast,2824.1,64.5,23.9,7.2,18.4,0.0,747.7,5916.3,6080.7,305.7,55.5,45.1,265.1,10.4,1095.4,163.9,136.0,
2025-04-16,Breakfast,2771.1,73.2,23.9,14.6,22.4,0.0,798.9,7487.0,3839.0,280.0,36.1,25.1,251.6,5.6,144.2,93.2,103.7,
2025-04-17,Breakfast,2635.3,65.8,21.1,10.4,23.1,0.0,704.4,3271.6,2776.9,290.3,24.5,52.8,229.6,5.7,163.8,124.4,118.8,
2025-04-18,Breakfast,2197.3,80.2,21.0,6.8,15.8,0.0,428.1,1942.2,1680.7,193.4,14.9,27.6,182.2,15.0,0.0,135.3,73.9,
2025-04-18,Dinner,1187.1,7.0,0.1,0.0,2.0,0.0,12.9,3613.7,3061.6,214.9,22.5,35.8,56.4,25.7,326.8,100.3,81.8,
2025-04-19,Breakfast,3396.3,140.2,9.2,4.1,7.8,0.0,161.4,4252.2,3648.0,368.7,46.2,55.8,221.9,5.6,555.4,98.2,120.4,
2025-04-20,Breakfast,3395.5,76.5,27.9,10.3,24.1,0.0,861.3,4495.4,6030.2,416.6,42.1,65.4,263.7,27.0,226.8,162.1,204.0,
2025-04-21,Breakfast,3399.1,111.8,23.4,7.5,17.2,0.0,608.6,3656.7,7325.2,388.0,54.4,71.9,247.9,11.0,1108.2,120.9,154.1,
2025-04-22,Breakfast,3376.5,65.0,12.0,7.5,14.3,0.0,485.4,5008.3,5563.1,481.1,66.2,93.0,232.8,21.9,279.5,129.7,252.8,
2025-04-23,Breakfast,3397.1,64.4,21.1,10.0,22.3,0.0,625.6,4303.2,7601.2,469.9,71.0,79.4,248.2,24.8,535.6,158.0,264.6,
2025-04-24,Breakfast,3408.9,73.7,18.9,16.6,25.9,0.0,713.6,4148.2,4821.7,449.7,63.5,79.3,247.2,0.0,230.3,81.1,178.8,
2025-04-25,Breakfast,3398.2,129.1,59.9,13.0,22.0,0.0,754.5,6335.6,4084.3,316.6,38.1,47.1,257.7,47.9,28.3,263.4,51.3,
2025-04-26,Breakfast,3386.2,75.4,13.4,8.7,16.2,0.0,545.4,4523.9,10048.3,472.3,77.5,58.6,247.5,0.0,460.4,88.2,192.0,
2025-04-27,Breakfast,3650.3,95.7,21.3,4.6,5.0,0.0,595.0,5557.5,2275.3,473.2,33.6,98.6,236.6,0.0,43.2,48.3,55.1,
2025-04-28,Breakfast,3391.8,76.9,24.9,8.0,9.4,0.1,611.2,6122.1,5830.7,413.5,44.8,120.7,261.7,0.0,1017.7,103.3,132.9,
2025-04-29,Breakfast,3372.3,63.9,11.8,7.9,5.7,0.0,528.4,6265.1,3840.6,421.4,24.7,56.9,281.1,17.1,27.7,167.1,178.9,
2025-04-30,Breakfast,3387.2,76.8,27.2,8.5,10.7,0.0,456.3,6357.3,4187.6,422.8,28.7,68.2,249.2,18.9,586.4,210.1,170.6,
2025-05-01,Breakfast,3357.7,75.4,27.5,9.8,13.5,0.0,411.1,8316.7,7070.1,427.1,70.5,67.7,249.1,1.3,1322.7,178.7,124.7,
2025-05-02,Breakfast,3394.6,52.1,15.7,7.6,10.7,0.0,390.5,8189.6,3526.2,489.2,32.8,46.7,240.8,1.5,764.2,101.8,119.0,
2025-05-03,Breakfast,3389.8,73.9,14.2,8.0,11.5,0.0,248.2,3141.7,2665.7,401.1,35.3,61.1,263.1,0.0,131.2,100.4,71.4,
2025-05-04,Breakfast,3403.4,56.8,15.2,11.7,10.2,0.0,463.1,2173.0,7424.9,489.6,41.4,41.1,245.4,4.5,454.7,113.8,118.0,
2025-05-05,Breakfast,3390.9,48.0,5.8,3.8,4.2,0.0,304.6,3548.2,8173.1,542.8,34.5,42.3,221.0,0.0,478.6,90.6,138.2,
2025-05-06,Breakfast,3392.2,75.4,9.4,9.9,8.6,0.0,468.0,5452.9,4216.9,449.3,32.8,81.2,242.8,0.0,627.1,75.1,119.2,
2025-05-07,Breakfast,3047.2,62.7,26.6,5.5,6.2,0.0,500.4,4697.2,3293.7,370.4,22.3,39.4,231.7,5.6,577.6,148.7,113.3,
2025-05-08,Breakfast,3050.6,75.0,29.5,11.4,11.7,0.0,626.1,4645.4,4742.0,338.7,37.6,81.0,238.4,4.7,640.1,150.6,102.5,
2025-05-09,Breakfast,2387.6,52.1,12.7,8.2,14.9,0.0,341.6,4050.1,4587.9,263.9,45.4,58.4,210.3,6.7,1114.0,97.8,93.4,
2025-05-10,Breakfast,2395.1,61.7,16.6,7.1,10.2,0.0,1055.4,2961.1,3773.1,230.8,36.6,43.0,209.6,16.8,1085.5,117.4,106.9,
2025-05-11,Breakfast,2398.9,55.9,14.1,7.2,16.1,0.0,354.9,2715.7,3529.4,264.2,38.6,57.0,212.0,9.0,1185.0,113.2,110.5,
2025-05-12,Breakfast,2398.7,46.8,12.0,8.7,17.8,0.0,474.8,3294.7,4010.2,297.6,36.8,67.0,197.4,3.6,1012.0,99.3,116.9,
2025-05-13,Breakfast,2395.1,36.6,9.9,9.4,9.5,0.0,467.6,3501.0,5365.1,314.9,45.5,105.0,192.7,96.4,473.4,83.5,103.5,
2025-05-14,Breakfast,2393.9,31.1,8.6,6.2,6.3,0.0,549.8,2576.2,5819.6,300.6,38.4,130.5,217.8,94.2,544.4,96.4,75.2,
2025-05-15,Breakfast,1857.0,31.7,9.2,6.5,7.1,0.0,594.0,2262.3,4838.0,188.3,27.1,106.2,208.8,887.7,385.4,89.9,76.0,
2025-05-15,Dinner,1139.6,7.0,0.1,0.1,0.2,0.0,0.0,826.1,62.3,257.8,0.7,0.1,17.8,0.0,0.0,1.8,11.8,
2025-05-16,Breakfast,2882.1,60.5,17.0,7.9,10.7,0.0,478.7,2680.7,5538.4,322.3,46.8,118.9,274.3,0.0,1082.7,260.0,108.2,
2025-05-17,Breakfast,1749.9,48.8,7.0,7.1,3.3,0.0,324.3,1463.2,2024.6,174.7,18.4,70.4,148.1,74.9,161.9,51.3,29.9,
2025-05-17,Dinner,1242.3,57.1,15.5,4.4,14.3,0.1,116.3,1653.8,1808.0,98.8,18.7,20.1,100.1,49.9,29.4,59.9,28.3,
2025-05-18,Breakfast,3000.1,81.0,19.2,6.7,16.3,0.0,483.4,4195.1,4169.3,344.6,32.5,89.4,235.9,2.7,175.6,103.5,95.9,
2025-05-19,Breakfast,2981.2,74.3,17.9,6.5,8.0,7.5,565.9,4393.1,4361.7,363.6,26.8,57.9,209.3,223.8,161.3,59.8,68.1,
2025-05-20,Breakfast,2398.9,36.3,7.2,5.5,6.3,0.0,479.9,3654.0,5963.5,299.5,31.8,56.0,214.6,280.0,164.6,71.3,70.8,
2025-05-21,Breakfast,2199.4,40.8,7.9,4.7,4.4,0.0,431.8,2799.4,4084.1,246.9,31.4,35.9,214.3,57.3,351.7,111.8,91.8,
2025-05-22,Breakfast,2194.0,25.0,6.3,5.1,4.2,0.0,405.2,4225.2,9108.1,280.9,57.7,119.2,216.7,1238.5,958.2,203.0,98.6,
2025-05-23,Breakfast,2198.8,32.9,6.6,7.2,6.1,0.0,381.8,5065.1,6623.8,261.1,48.7,61.0,202.8,145.7,99.0,137.1,96.2,
2025-05-24,Breakfast,2181.4,42.8,16.1,5.4,7.3,0.2,434.5,2658.9,5838.6,232.1,52.6,78.1,217.1,1064.4,682.0,143.8,91.5,
2025-05-25,Breakfast,2200.6,25.0,6.3,5.5,7.0,0.0,357.5,2624.7,3623.5,261.9,33.1,96.8,222.4,620.3,219.5,93.3,63.6,
2025-05-26,Breakfast,2194.8,46.1,10.2,9.2,10.9,0.0,838.4,2659.5,5639.5,229.7,49.5,32.5,215.6,1292.5,522.2,106.6,81.2,
2025-05-27,Breakfast,2198.8,38.8,7.6,5.0,4.2,0.0,325.6,2047.2,2656.6,258.7,55.3,35.9,204.0,0.0,452.7,98.1,36.0,
2025-05-28,Breakfast,2197.2,26.7,9.7,3.0,2.9,0.0,232.1,2664.0,5190.1,279.7,68.3,65.3,207.0,14.3,31.3,105.0,105.9,
2025-05-29,Breakfast,2199.5,20.0,4.6,5.6,4.4,0.0,185.7,3332.1,7428.6,299.8,98.4,78.7,222.0,903.5,680.6,127.9,213.4,
2025-05-30,Breakfast,2200.6,18.9,3.3,3.0,3.8,0.0,300.1,2196.8,4007.9,280.3,21.9,68.5,209.2,0.0,353.0,162.9,60.5,
2025-05-31,Breakfast,6811.3,343.9,124.6,11.2,8.1,1.2,651.9,6341.3,3199.1,715.4,43.8,360.1,246.3,19.1,66.8,172.3,51.1,
2025-06-01,Breakfast,3562.7,116.3,36.9,9.2,8.4,0.4,404.9,6430.2,4032.8,423.7,29.6,185.8,210.8,0.0,18.3,123.3,64.8,
2025-06-02,Breakfast,3594.7,48.4,13.3,4.3,5.0,0.0,320.1,3880.4,3998.4,567.9,55.1,123.2,223.2,0.0,121.6,109.3,104.4,
2025-06-03,Breakfast,3580.5,50.2,8.2,8.0,7.9,0.0,356.4,4340.8,4489.5,574.5,59.4,127.0,209.3,0.0,189.7,67.0,103.5,
2025-06-04,Breakfast,3597.2,93.0,25.5,1.7,2.0,0.0,251.2,5376.4,1935.5,493.8,39.5,45.7,193.3,0.0,0.0,115.6,83.6,
2025-06-05,Breakfast,2881.2,37.8,11.9,5.3,4.9,0.0,322.1,5478.0,6348.0,407.4,76.3,140.1,213.6,0.0,345.6,136.3,97.5,
2025-06-06,Breakfast,2596.1,112.8,41.6,5.7,5.8,0.0,555.6,4293.4,2759.8,160.3,16.9,17.2,229.3,563.9,176.8,94.9,43.2,
2025-06-07,Breakfast,2597.2,87.9,15.3,3.1,3.4,0.0,267.7,3151.1,2758.0,238.6,14.4,86.6,212.3,30.2,19.7,24.3,82.6,
2025-06-08,Breakfast,2881.2,107.4,15.7,6.8,1.6,0.0,59.6,3107.1,2392.8,271.7,27.3,54.3,209.8,0.0,179.9,109.9,131.3,
2025-06-09,Breakfast,2895.1,91.9,1.6,2.1,1.0,0.0,125.6,1827.7,2529.7,292.0,30.2,23.8,218.1,477.6,215.4,80.9,90.3,
2025-06-10,Breakfast,2899.3,52.0,2.8,5.8,3.9,0.0,206.4,3987.4,6546.3,393.6,70.1,82.1,213.4,0.0,220.0,67.5,135.2,
2025-06-11,Breakfast,2891.7,39.7,4.2,2.4,2.2,0.0,181.0,3387.2,6706.0,408.2,78.9,128.3,232.3,15.0,178.6,91.4,90.9,
2025-06-12,Breakfast,2889.5,59.6,14.5,5.6,7.0,0.0,196.9,4080.4,5929.7,382.4,63.2,115.3,208.8,875.3,322.8,97.8,94.4,
2025-06-13,Breakfast,2902.7,89.2,28.3,10.5,25.2,0.0,340.6,4978.9,4585.8,319.7,62.2,134.0,209.7,231.2,430.0,88.0,123.0,
2025-06-14,Breakfast,2498.1,97.8,21.7,18.8,19.3,0.0,354.1,3913.5,3497.3,213.6,25.6,79.9,194.0,495.9,161.7,55.3,47.5,
2025-06-15,Breakfast,2497.3,51.6,7.1,12.7,20.0,0.0,333.5,4176.8,5409.0,295.8,37.9,104.1,204.5,2961.7,621.7,45.5,30.6,
2025-06-16,Breakfast,2659.3,100.6,30.1,9.2,21.9,0.0,987.6,3569.5,5496.2,229.2,44.0,109.5,212.8,15.0,308.5,80.2,75.8,
2025-06-17,Breakfast,1990.4,25.8,5.1,4.5,4.9,0.0,370.6,2287.2,6342.6,204.3,51.0,69.1,222.3,3363.5,469.1,127.0,51.7,
2025-06-18,Breakfast,1998.3,23.4,4.7,5.5,4.2,0.0,312.0,2568.2,6257.6,243.5,79.1,88.1,207.3,4592.1,390.4,120.8,88.4,
2025-06-19,Breakfast,1982.6,33.7,5.7,8.6,9.7,0.0,422.9,2868.2,5197.4,224.6,33.0,109.6,200.8,1764.0,651.0,81.8,102.5,
2025-06-20,Breakfast,1999.2,25.5,4.6,5.9,5.7,0.0,324.5,2564.2,6623.6,229.9,53.9,94.6,212.7,2951.2,179.5,132.4,85.7,
2025-06-21,Breakfast,549.2,5.4,1.3,0.6,0.1,0.0,40.0,990.4,1881.0,74.6,17.1,21.1,51.3,1857.0,41.5,47.6,11.3,
2025-06-21,Lunch,1447.0,18.6,2.5,5.7,6.3,0.0,447.2,2105.6,1809.4,163.1,18.2,88.1,157.4,90.0,0.0,100.8,84.5,
2025-06-22,Breakfast,1897.5,31.5,4.4,5.4,4.0,0.0,258.0,3183.1,3927.6,195.1,32.8,54.2,201.6,1856.7,131.2,56.0,66.7,
2025-06-23,Breakfast,1897.7,29.7,4.4,3.1,3.4,0.0,203.8,2345.6,3827.8,213.7,34.1,70.8,196.2,29.5,106.8,97.5,43.0,
2025-06-24,Breakfast,2978.1,72.3,22.5,8.6,31.5,0.0,395.7,6651.5,5391.3,334.6,48.4,84.2,243.2,1093.7,101.0,77.2,125.3,
2025-06-25,Breakfast,7741.1,279.9,48.5,0.0,0.0,0.0,699.0,9161.6,1423.7,981.1,94.4,146.4,298.8,95.7,50.7,178.1,167.9,
2025-06-26,Breakfast,3395.5,64.1,28.4,3.0,2.9,0.0,288.1,4708.8,6528.1,457.1,66.6,151.3,236.1,110.2,136.7,355.8,248.2,
2025-06-27,Breakfast,2926.2,77.1,23.9,5.9,13.3,0.0,794.1,2446.0,3446.4,384.5,37.4,37.8,176.0,15.4,98.7,66.4,97.5,
2025-06-28,Breakfast,2993.8,69.4,15.4,2.4,2.1,0.0,214.2,4133.8,4944.1,379.8,79.8,66.4,225.0,30.0,24.3,128.4,168.6,
2025-06-29,Breakfast,3014.7,67.9,9.2,5.2,15.1,0.0,268.2,3620.9,4635.4,390.6,72.4,40.1,209.9,60.0,29.3,61.2,83.7,
2025-06-30,Breakfast,3396.2,43.4,6.9,4.5,4.0,0.0,272.5,3088.7,5977.9,519.1,78.1,87.2,218.8,30.0,32.2,68.2,157.8,
2025-07-01,Breakfast,4043.9,103.4,14.9,6.2,20.0,0.0,222.3,4485.5,5227.9,563.0,61.9,81.9,230.9,2840.0,199.9,116.1,60.4,
2025-07-02,Breakfast,3402.8,67.2,9.4,7.6,13.8,0.0,323.0,2573.8,4748.5,492.8,47.7,140.5,203.0,15.0,106.6,59.6,39.9,
2025-07-03,Breakfast,3396.2,84.1,14.6,10.7,20.9,0.0,404.8,4071.6,6570.4,448.6,49.9,180.2,222.3,11.3,251.1,66.0,78.0,
2025-07-04,Breakfast,3868.0,67.6,11.3,9.2,8.1,0.0,314.1,6174.0,7412.8,587.2,84.4,118.9,237.6,10.7,312.2,64.1,117.8,
2025-07-05,Breakfast,5545.7,214.5,69.0,2.9,5.2,0.0,988.7,6791.3,2840.2,574.6,77.2,218.5,344.8,1429.1,646.7,66.5,130.3,
2025-07-06,Breakfast,2778.0,91.4,29.9,1.9,3.4,0.0,584.5,4237.2,2829.8,273.8,45.4,114.9,217.5,902.1,340.9,56.5,77.4,
2025-07-07,Breakfast,4155.6,71.7,15.0,7.3,11.5,0.0,272.4,5572.4,6729.7,645.0,103.9,113.7,235.8,313.1,417.4,64.6,192.6,
2025-07-08,Breakfast,3592.4,90.7,24.3,1.7,1.1,0.0,234.4,2799.3,4644.4,483.4,67.8,108.6,208.6,1139.2,198.6,79.6,97.8,
2025-07-09,Breakfast,4231.3,82.0,14.7,1.4,1.7,0.0,124.0,5247.7,2808.0,664.0,71.3,89.0,223.4,98.5,168.1,89.0,85.2,
2025-07-10,Breakfast,4136.1,107.4,24.5,12.2,24.7,0.5,369.5,8167.6,5998.8,590.0,77.4,173.3,255.3,109.3,366.8,128.1,207.7,
2025-07-11,Breakfast,4985.6,104.8,16.2,7.1,8.1,0.0,427.1,7107.9,5179.7,733.4,82.9,157.4,295.7,155.9,640.4,51.2,129.8,
2025-07-12,Breakfast,3936.9,97.2,22.9,15.6,12.8,0.0,393.1,7972.2,2654.5,568.4,48.7,50.9,211.9,72.3,180.0,252.3,73.4,
2025-07-13,Breakfast,3909.3,105.8,19.0,3.1,3.6,0.2,306.8,3970.9,4317.8,538.9,70.4,78.6,223.4,84.3,287.0,61.6,82.2,
